,brand,date,difference,image,link,price,size,title,length
0,J. Crew,2019-12-07,153,https://di2ponv0v5otw.cloudfront.net/posts/2019/12/07/5debd51d2cc515348ae72b7e/s_5e175387ffc2d4590e8e2ab2.jpg,http://www.poshmark.com/listing/J-Crew-Vintage-Distressed-Bootcut-Jeans-Sz-3436-5debd51d2cc515348ae72b7e,30,,J. Crew Vintage Distressed Bootcut Jeans Sz 34√ó36,49
1,J. Crew,2019-10-18,203,https://di2ponv0v5otw.cloudfront.net/posts/2019/10/18/5daa75c22e7c2fbae44e533d/s_5daa7611689ebc4a238d6afb.jpg,http://www.poshmark.com/listing/J-Crew-770-Straight-fit-Jean-in-Collins-Wash-32-5daa75c22e7c2fbae44e533d,75,32,J. Crew 770‚Ñ¢Ô∏è Straight fit Jean in Collins Wash 32,50
2,J. Crew,2020-04-23,15,https://di2ponv0v5otw.cloudfront.net/posts/2020/04/23/5ea2424ece1e872a02f82c31/s_5ea266cc2ca9abcb1e89dd6f.jpeg,http://www.poshmark.com/listing/J-Crew-Urban-Slim-Black-Jeans-Size-34x34-5ea2424ece1e872a02f82c31,34,34,J. Crew Urban Slim Black Jeans Size 34x34,41
3,J. Crew,2020-03-30,39,https://di2ponv0v5otw.cloudfront.net/posts/2020/03/30/5e826392633cfcd7e7b0fdc4/s_5e82639ccb692ca27dbd9c85.jpg,http://www.poshmark.com/listing/J-Crew-distressed-style-484-jeans-5e826392633cfcd7e7b0fdc4,15,30,J. Crew distressed style 484 jeans,34
4,J. Crew,2020-04-26,12,https://di2ponv0v5otw.cloudfront.net/posts/2020/04/26/5ea5dfee4fd23a8821985142/s_5ea5e0252a1eff2e8dac1377.jpg,http://www.poshmark.com/listing/J-Crew-The-Diggs-Jeans-in-Medium-Wash-31x30-5ea5dfee4fd23a8821985142,40,31,J. Crew The Diggs Jeans in Medium Wash 31x30,44
5,J. Crew,2019-04-29,375,https://di2ponv0v5otw.cloudfront.net/posts/2019/04/29/5cc7886d8d653d96f9dc2450/s_5cc788cd26219f8163c58a24.jpg,http://www.poshmark.com/listing/J-Crew-Mens-Blue-Jeans-Sz-31-NWT-5cc7886d8d653d96f9dc2450,50,31,J. Crew Men's Blue Jeans Sz 31 NWT,34
6,J. Crew,2019-12-04,156,https://di2ponv0v5otw.cloudfront.net/posts/2019/12/04/5de89546de696a20b6eeda95/s_5de896b48d6f1a71c4cdb241.jpg,http://www.poshmark.com/listing/J-Crew-Slim-Fit-Jean-in-Stretch-Resin-Rinse-3130-5de89546de696a20b6eeda95,49,31,J Crew Slim Fit Jean in Stretch Resin Rinse 31/30,49
7,J. Crew,2020-03-27,42,https://di2ponv0v5otw.cloudfront.net/posts/2020/03/27/5e7de40193a1e948a86cb61a/s_5e7de403180efdbf5869aff0.jpeg,http://www.poshmark.com/listing/J-Crew-The-Bleecker-Blue-Jeans-Mens-Size-34-X-34-5e7de40193a1e948a86cb61a,29,34,J. Crew The Bleecker Blue Jeans Men's Size 34 X 34,50
8,J. Crew,2020-04-06,32,https://di2ponv0v5otw.cloudfront.net/posts/2020/04/06/5e8bce8233f26f25e08ea6b5/s_5e8bce85c693bdfb89f2cbc4.jpeg,http://www.poshmark.com/listing/JCrew-Medium-Wash-BootCut-Denim-Blue-Jeans-Mens-5e8bce8233f26f25e08ea6b5,25,35,J.Crew Medium Wash BootCut Denim Blue Jeans Mens,48
9,J. Crew,2019-11-12,178,https://di2ponv0v5otw.cloudfront.net/posts/2019/11/12/5dcabe5ddce032437ea5810f/s_5dcabe666a7fbaedff596924.jpeg,http://www.poshmark.com/listing/JCrew-Jeans-Size-3232-Driggs-Slim-Fit-Low-Rise-5dcabe5ddce032437ea5810f,25,32,J.Crew Jeans Size 32√ó32 Driggs Slim Fit Low Rise,48
10,J. Crew,2020-04-21,17,https://di2ponv0v5otw.cloudfront.net/posts/2020/04/21/5e9f72859e1559264b7d328d/s_5e9f72a4bcbb52cdec1a102d.jpg,http://www.poshmark.com/listing/J-Crew-Stretch-484-Dark-Wash-Jeans-3632-5e9f72859e1559264b7d328d,50,36,J. Crew Stretch 484 Dark Wash Jeans 36/32,41
11,J. Crew,2020-03-13,56,https://di2ponv0v5otw.cloudfront.net/posts/2020/03/13/5e6c036da16f97c7b1d4758f/s_5e6c0370d1aa25402b66afdd.jpeg,http://www.poshmark.com/listing/J-Crew-Mercantile-Men-Flex-Jeans-Size-28-5e6c036da16f97c7b1d4758f,29,28,J. Crew Mercantile Men Flex Jeans Size 28,41
12,J. Crew,2020-05-01,7,https://di2ponv0v5otw.cloudfront.net/posts/2020/05/01/5eacb2cc275e5549f1d6a9ab/s_5eacb30088cce395fed88763.jpg,http://www.poshmark.com/listing/Mens-J-Crew-38-x-32-Jeans-5eacb2cc275e5549f1d6a9ab,25,38,Men‚Äôs J. Crew 38 x 32 Jeans,27
13,J. Crew,2020-03-20,49,https://di2ponv0v5otw.cloudfront.net/posts/2020/03/20/5e751a391153bac1b88825ec/s_5e751a70adb58db90de3005a.jpg,http://www.poshmark.com/listing/Mens-JCrew-770-Straightfit-jeans-34W-32L-5e751a391153bac1b88825ec,16,34,Mens J.Crew 770 Straight-fit jeans 34W 32L,42
14,J. Crew,2020-03-02,67,https://di2ponv0v5otw.cloudfront.net/posts/2020/03/02/5e5db55ffe19c7e6cdfc6fd3/s_5e5db5846a7fbaedd6d9aa30.jpg,http://www.poshmark.com/listing/Mens-J-Crew-Jeans-5e5db55ffe19c7e6cdfc6fd3,20,32,Men‚Äôs J Crew Jeans,18
15,J. Crew,2020-04-29,9,https://di2ponv0v5otw.cloudfront.net/posts/2020/04/29/5ea9f1b45287792d7b359f85/s_5ea9f1b6418437b7ee6a0147.jpeg,http://www.poshmark.com/listing/J-Crew-The-Sutton-Straight-Leg-Jeans-32-X-34-5ea9f1b45287792d7b359f85,38,32,J. Crew The Sutton Straight Leg Jeans 32 X 34,45
16,J. Crew,2020-02-03,95,https://di2ponv0v5otw.cloudfront.net/posts/2020/02/03/5e38ea345967047e87be7070/s_5e38eb118d653d72579606d1.jpg,http://www.poshmark.com/listing/J-Crew-3434-mens-slim-straight-dark-wash-jeans-5e38ea345967047e87be7070,40,34,J Crew 34/34 men‚Äôs slim straight dark wash jeans,48
17,J. Crew,2019-10-21,200,https://di2ponv0v5otw.cloudfront.net/posts/2019/10/21/5dae4f54a1f56f3a3009d810/s_5dbf069b8557afc52144e45e.jpg,http://www.poshmark.com/listing/J-Crew-Sutton-Straight-Jeans-Mens-30W-x-30L-Dark-5dae4f54a1f56f3a3009d810,20,30,J. Crew Sutton Straight Jeans Mens 30W x 30L Dark,49
18,J. Crew,2020-01-31,98,https://di2ponv0v5otw.cloudfront.net/posts/2020/01/31/5e34d056648df2a3f55c2627/s_5e34f7817a81733f0ddbb589.jpg,http://www.poshmark.com/listing/J-Crew-Sutton-Straight-Jeans-Mens-30W-x-30L-Dark-5e34d056648df2a3f55c2627,24,,J Crew Sutton Straight Jeans Mens 30W x 30L Dark,48
19,J. Crew,2019-12-01,159,https://di2ponv0v5otw.cloudfront.net/posts/2019/12/01/5de3df3f1153ba53a179a0e5/s_5de3dfc2abe1ce0a1af5ea65.jpg,http://www.poshmark.com/listing/J-Crew-Mens-Jeans-Sz-32-5de3df3f1153ba53a179a0e5,30,32,üåπJ Crew Men‚Äôs Jeans Sz 32,25
20,J. Crew,2019-10-25,196,https://di2ponv0v5otw.cloudfront.net/posts/2019/10/25/5db37fdb3f79ea5e727a385a/s_5db37ffcf5346f447d79a379.jpeg,http://www.poshmark.com/listing/J-Crew-Mens-The-Bleeker-Jeans-34x32-5db37fdb3f79ea5e727a385a,25,34,"J. Crew Men's ""The Bleeker"" Jeans - 34x32",41
21,J. Crew,2020-02-24,74,https://di2ponv0v5otw.cloudfront.net/posts/2020/02/24/5e547411d948a1f974d4f109/s_5e547416e974fbefad91e188.jpg,http://www.poshmark.com/listing/J-Crew-Bootcut-antique-wash-jeans-3430-5e547411d948a1f974d4f109,18,34,J. Crew Bootcut antique wash jeans 34/30,40
22,J. Crew,2019-05-08,366,https://di2ponv0v5otw.cloudfront.net/posts/2019/05/08/5cd30e8816105dc507da9181/s_5cd311fe29f0300061d7aeb4.jpg,http://www.poshmark.com/listing/EUC-J-Crew-straight-leg-blue-jeans-32x32-5cd30e8816105dc507da9181,18,32,EUC J. Crew straight leg blue jeans 32x32,41
23,J. Crew,2019-12-17,143,https://di2ponv0v5otw.cloudfront.net/posts/2019/12/17/5df9880c10f00f247334ee4b/s_5df9883bbb22e323c1234d75.jpg,http://www.poshmark.com/listing/Mens-J-Crew-Style-484-Kaihara-31-x-30-Slim-Jeans-5df9880c10f00f247334ee4b,48,31,Men's J. Crew Style 484 Kaihara 31 x 30 Slim Jeans,50
24,J. Crew,2019-01-16,478,https://di2ponv0v5otw.cloudfront.net/posts/2019/01/16/5c3f8eb30e3b86246104b179/s_5c3f8eba7386bc1272625523.jpeg,http://www.poshmark.com/listing/J-Crew-Mens-The-Sutton-Light-Wash-Straight-Leg-5c3f8eb30e3b86246104b179,34,31,J. Crew Men's The Sutton Light Wash Straight Leg,48
25,J. Crew,2020-04-03,35,https://di2ponv0v5otw.cloudfront.net/posts/2020/04/03/5e879e5c6e2846da98cb3ecb/s_5e8a08da284e995e7a958ee2.jpeg,http://www.poshmark.com/listing/J-Crew-Mercantile-Flex-Slim-Fit-black-jeans-5e879e5c6e2846da98cb3ecb,28,30,J Crew Mercantile Flex Slim Fit black jeans,43
26,J. Crew,2020-01-07,122,https://di2ponv0v5otw.cloudfront.net/posts/2020/01/07/5e14e306138e18d0b6da0437/s_5e150d502f8276d0d0b8e3ac.jpeg,http://www.poshmark.com/listing/J-Crew-Factory-Straight-fit-jean-in-light-wash-5e14e306138e18d0b6da0437,28,29,J. Crew Factory Straight fit  jean in light wash,48
27,J. Crew,2019-08-29,253,https://di2ponv0v5otw.cloudfront.net/posts/2019/08/29/5d68313626219fdce618d1d0/s_5d683153d1aa25fca02bb3df.jpg,http://www.poshmark.com/listing/J-Crew-The-Bleecker-Medium-Wash-Blue-Jeans-5d68313626219fdce618d1d0,18,32,J Crew The Bleecker Medium Wash Blue Jeans,42
28,J. Crew,2018-10-29,557,https://di2ponv0v5otw.cloudfront.net/posts/2018/10/29/5bd78bf6bb7615fb1213aa9a/s_5bd78d1cc9bf50702f2576fd.jpg,http://www.poshmark.com/listing/32-32-J-Crew-VINTAGE-SLIM-JEANS-5bd78bf6bb7615fb1213aa9a,35,32,32 /32 / J. Crew VINTAGE SLIM JEANS,35
29,J. Crew,2020-02-18,80,https://di2ponv0v5otw.cloudfront.net/posts/2020/02/18/5e4ce6d8c4cd7e2b04e5db01/s_5e4ce6ee969d1f00db9655ce.jpg,http://www.poshmark.com/listing/J-crew-mens-Sutton-dark-wash-jeans-5e4ce6d8c4cd7e2b04e5db01,7,32,J crew men‚Äôs Sutton dark wash jeans,35
30,J. Crew,2020-02-19,79,https://di2ponv0v5otw.cloudfront.net/posts/2020/02/19/5e4d779bafade8d7dc8d234c/s_5e4d77bd19c157b18b0269e4.jpg,http://www.poshmark.com/listing/J-Crew-Medium-Wash-Jeans-5e4d779bafade8d7dc8d234c,30,31,J. Crew Medium Wash Jeans,25
31,J. Crew,2020-02-11,87,https://di2ponv0v5otw.cloudfront.net/posts/2020/02/11/5e435977ffc2d420026661b1/s_5e435b1d19c157ba4bb234ca.jpg,http://www.poshmark.com/listing/Flex-By-J-Crew-Mens-The-Driggs-Pants-Beige-Slim-Fi-5e435977ffc2d420026661b1,34,35,Flex By J Crew Mens The Driggs Pants Beige Slim Fi,50
32,J. Crew,2019-08-31,251,https://di2ponv0v5otw.cloudfront.net/posts/2019/08/31/5d6b1bbfc953d8120c078a6f/s_5d6b1bcc6a7fbac7e7074e26.jpg,http://www.poshmark.com/listing/NWOT-J-Crew-Jeans-Style-770-32W-5d6b1bbfc953d8120c078a6f,35,32,NWOT J. Crew Jeans Style 770 32W,32
33,J. Crew,2020-01-09,120,https://di2ponv0v5otw.cloudfront.net/posts/2020/01/09/5e17e9e69bb89f5eb713ad33/s_5e17e9eb26219fd05214e674.jpeg,http://www.poshmark.com/listing/J-Crew-Jeans-Style-770-Slim-Straight-32-X-32-3230-5e17e9e69bb89f5eb713ad33,64,32,J Crew Jeans Style 770 Slim Straight 32 X 32 32√ó30,50
34,J. Crew,2019-11-07,183,https://di2ponv0v5otw.cloudfront.net/posts/2019/11/07/5dc5134a8d6f1aee4f89350d/s_5dc513bb264a550001a4a9d9.jpg,http://www.poshmark.com/listing/JCrew-484-Slim-Dusty-Medium-Wash-Jeans-5dc5134a8d6f1aee4f89350d,35,28,J.Crew 484 Slim Dusty Medium Wash Jeans,39
35,J. Crew,2020-04-05,33,https://di2ponv0v5otw.cloudfront.net/posts/2020/04/05/5e8a3ce4bb593766a03532b0/s_5e8a3d1fefd0e427bcab86f8.jpg,http://www.poshmark.com/listing/J-Crew-484-Mens-Jeans-2832-5e8a3ce4bb593766a03532b0,45,28,J. Crew 484 Men‚Äôs  Jeans 28/32,30
36,J. Crew,2020-03-09,60,https://di2ponv0v5otw.cloudfront.net/posts/2020/03/09/5e66999410f00f980863de65/s_5e6699b1de696a960aecabd2.jpg,http://www.poshmark.com/listing/J-crew-walker-dark-wash-straight-flex-jeans-5e66999410f00f980863de65,13,36,J crew walker dark wash straight flex jeans,43
37,J. Crew,2020-02-23,75,https://di2ponv0v5otw.cloudfront.net/posts/2020/02/23/5e527906d948a18214467f76/s_5e5279267a8173d87eae8495.jpg,http://www.poshmark.com/listing/J-crew-slim-fit-flex-jeans-so-cal-wash-5e527906d948a18214467f76,13,34,J crew slim fit flex jeans so cal wash,38
38,J. Crew,2019-07-07,306,https://di2ponv0v5otw.cloudfront.net/posts/2019/07/07/5d2250a9248f7aae8edce43c/s_5e3ae325241483e76dbebc10.jpg,http://www.poshmark.com/listing/J-Crew-484-mens-jeans-5d2250a9248f7aae8edce43c,40,33,J Crew 484 men‚Äôs jeans,22
39,J. Crew,2020-03-21,48,https://di2ponv0v5otw.cloudfront.net/posts/2020/03/21/5e766d35bced5a53e7db590f/s_5e766d3606d59c43c4d79571.jpeg,http://www.poshmark.com/listing/JCrew-Straightfit-Flex-Jean-In-So-Cal-Wash-5e766d35bced5a53e7db590f,40,31,J.Crew Straight-fit Flex Jean In So Cal Wash,44
40,J. Crew,2019-08-31,251,https://di2ponv0v5otw.cloudfront.net/posts/2019/08/31/5d6b1bf826219f9827c8fd35/s_5d6b1c0fbb22e31f3c10f8fa.jpg,http://www.poshmark.com/listing/NWOT-J-Crew-Jeans-Style-770-Stretch-Straight-Slim-5d6b1bf826219f9827c8fd35,45,31,NWOT J. Crew Jeans Style 770 Stretch Straight Slim,50
41,J. Crew,2020-02-16,82,https://di2ponv0v5otw.cloudfront.net/posts/2020/02/16/5e4984e63b998561418ce86a/s_5e4984e790feb696300621df.jpeg,http://www.poshmark.com/listing/J-Crew-Mens-Slim-Straight-Blue-Jeans-Size-36-x-32-5e4984e63b998561418ce86a,30,36,J. Crew Mens Slim Straight Blue Jeans Size 36 x 32,50
42,J. Crew,2019-08-30,252,https://di2ponv0v5otw.cloudfront.net/posts/2019/08/30/5d6945df1153bad736390493/s_5d6945f2b3e917229864af58.jpg,http://www.poshmark.com/listing/NWOT-J-Crew-Jeans-Style-770-Stretch-Straight-Slim-5d6945df1153bad736390493,20,31,NWOT J. Crew Jeans Style 770 Stretch Straight Slim,50
43,J. Crew,2020-02-25,73,https://di2ponv0v5otw.cloudfront.net/posts/2020/02/25/5e55ed17152812b843e610e9/s_5e55ed46de696a05c73950c1.jpg,http://www.poshmark.com/listing/J-Crew-men-Style-770-Jeans-size-32x30-5e55ed17152812b843e610e9,65,32,J. Crew men Style 770 Jean's size 32x30,39
44,J. Crew,2019-06-27,316,https://di2ponv0v5otw.cloudfront.net/posts/2019/06/27/5d14a0b73072ee68100427d9/s_5d14a0cab43599538a59abf3.jpeg,http://www.poshmark.com/listing/J-Crew-Kaihara-Denim-Japanese-Fabric-Jeans-Pants-5d14a0b73072ee68100427d9,44,36,J. Crew Kaihara Denim Japanese Fabric Jeans Pants,49
45,J. Crew,2019-06-27,316,https://di2ponv0v5otw.cloudfront.net/posts/2019/06/27/5d149d3b105293b6a56c6098/s_5d149d4be45a866f68e275a4.jpeg,http://www.poshmark.com/listing/J-Crew-Style-1040-Japanese-Denim-Fabric-Jeans-5d149d3b105293b6a56c6098,44,36,J Crew Style 1040 Japanese Denim Fabric Jeans,45
46,J. Crew,2019-06-27,316,https://di2ponv0v5otw.cloudfront.net/posts/2019/06/27/5d14a3933a622d890bcfa563/s_5d14a3a25b5fb20e97452263.jpeg,http://www.poshmark.com/listing/J-Crew-Style-1040-Japanese-Kaihara-Denim-Jeans-5d14a3933a622d890bcfa563,44,36,J. Crew Style 1040 Japanese Kaihara Denim Jeans,47
47,J. Crew,2019-08-29,253,https://di2ponv0v5otw.cloudfront.net/posts/2019/08/29/5d67f369138e184bb0982538/s_5d67f380de696a3bd0ac01e8.jpg,http://www.poshmark.com/listing/J-Crew-Mens-779-jeans-size-3132-5d67f369138e184bb0982538,24,31,J. Crew Men‚Äôs 779 jeans size 31/32,34
48,Naked & Famous Denim,2020-02-26,72,https://di2ponv0v5otw.cloudfront.net/posts/2020/02/26/5e5766ffe974fbbf3d5dc1d7/s_5e5767138d653d73c4e870a5.jpg,http://www.poshmark.com/listing/Naked-Famous-mens-Selvedge-Slim-Guy-Black-28x31-5e5766ffe974fbbf3d5dc1d7,54,28,Naked & Famous men's Selvedge Slim Guy Black 28x31,50
49,Naked & Famous Denim,2020-02-21,77,https://di2ponv0v5otw.cloudfront.net/posts/2020/02/21/5e4fa4c32f82769f8ff32bed/s_5e4fa4c3afade8a144b630f1.jpg,http://www.poshmark.com/listing/Naked-Famous-Distressed-Selvedge-Weird-Guy-5e4fa4c32f82769f8ff32bed,75,31,Naked & Famous Distressed Selvedge Weird Guy,44
50,Naked & Famous Denim,2020-03-24,45,https://di2ponv0v5otw.cloudfront.net/posts/2020/03/24/5e7a33c9264a55275dee923a/s_5e7a347a216968c0f6418d1e.jpg,http://www.poshmark.com/listing/Naked-and-Famous-Gray-Jeans-5e7a33c9264a55275dee923a,50,33,Naked and Famous Gray Jeans,27
51,Naked & Famous Denim,2019-11-27,163,https://di2ponv0v5otw.cloudfront.net/posts/2019/11/27/5ddeef3d7a8173265fa57942/s_5e4b37677a817365d668ed22.jpg,http://www.poshmark.com/listing/NWT-Naked-Famous-Super-Guy-Left-Hand-Twill-Denim-5ddeef3d7a8173265fa57942,160,,NWT Naked & Famous Super Guy Left Hand Twill Denim,50
52,Naked & Famous Denim,2019-08-23,259,https://di2ponv0v5otw.cloudfront.net/posts/2019/08/23/5d5fd7b7abe1cea917fcb6ef/s_5e4b37a619c157265bb80e71.jpg,http://www.poshmark.com/listing/NWT-Naked-Famous-Weird-Guy-Left-Hand-Twill-Denim-5d5fd7b7abe1cea917fcb6ef,160,,NWT Naked & Famous Weird Guy Left Hand Twill Denim,50
53,Naked & Famous Denim,2019-11-27,163,https://di2ponv0v5otw.cloudfront.net/posts/2019/11/27/5ddeedb1c953d8eb0f95c791/s_5e4b3830aa7ed3e84cf61b5b.jpg,http://www.poshmark.com/listing/NWT-Naked-Famous-Weird-Guy-11oz-Stretch-Denim-5ddeedb1c953d8eb0f95c791,180,,NWT Naked & Famous Weird Guy 11oz Stretch Denim,47
54,Naked & Famous Denim,2019-08-23,259,https://di2ponv0v5otw.cloudfront.net/posts/2019/08/23/5d601158d40008e4bd21b9db/s_5e4b37ef2f483174bd6e0ba1.jpg,http://www.poshmark.com/listing/NWT-Naked-Famous-11oz-Stretch-Selvedge-Denim-5d601158d40008e4bd21b9db,180,,NWT Naked & Famous 11oz Stretch Selvedge Denim,46
55,Naked & Famous Denim,2019-08-23,259,https://di2ponv0v5otw.cloudfront.net/posts/2019/08/23/5d5fee79ffc2d4b248cd8d1d/s_5e4b38a36a7fbae70ebbc41a.jpg,http://www.poshmark.com/listing/NWT-Naked-Famous-Weird-Guy-Black-Stretch-Denim-5d5fee79ffc2d4b248cd8d1d,160,,NWT Naked & Famous Weird Guy Black Stretch Denim,48
56,Naked & Famous Denim,2019-08-23,259,https://di2ponv0v5otw.cloudfront.net/posts/2019/08/23/5d60228fbb22e39d7a22189d/s_5e4b386d318740bf1700092d.jpg,http://www.poshmark.com/listing/NWT-Naked-Famous-Super-Guy-Power-Stretch-Denim-5d60228fbb22e39d7a22189d,160,,NWT Naked & Famous Super Guy Power Stretch Denim,48
57,Naked & Famous Denim,2020-01-02,127,https://di2ponv0v5otw.cloudfront.net/posts/2020/01/02/5e0ea823e25b32b069a44a80/s_5e0ea824afade813d1febde8.jpeg,http://www.poshmark.com/listing/Naked-Famous-Selvedge-Weird-Guy-Jeans-F477-5e0ea823e25b32b069a44a80,74,30,Naked & Famous Selvedge Weird Guy Jeans F477,44
58,Naked & Famous Denim,2020-05-07,1,https://di2ponv0v5otw.cloudfront.net/posts/2020/05/07/5eb42d8f12d880a4e329d326/s_5eb42dd0ff7c5aba2cb4b213.jpg,http://www.poshmark.com/listing/Naked-Famous-Super-Guy-Onyx-Stretch-5eb42d8f12d880a4e329d326,70,34,Naked & Famous Super Guy - Onyx Stretch,39
59,Naked & Famous Denim,2020-05-07,1,https://di2ponv0v5otw.cloudfront.net/posts/2020/05/07/5eb42a4672160c03b13462de/s_5eb42a4b88cce35137380aa9.jpeg,http://www.poshmark.com/listing/Naked-Famous-Super-Guy-Onyx-Stretch-5eb42a4672160c03b13462de,70,34,Naked & Famous Super Guy - Onyx Stretch,39
60,Naked & Famous Denim,2018-11-18,537,https://di2ponv0v5otw.cloudfront.net/posts/2018/11/18/5bf1e4a3c9bf50219ffeac90/s_5bf1e4d36a0bb767b7c49374.jpg,http://www.poshmark.com/listing/NAKED-FAMOUS-SKINNY-GUY-stretch-skinny-jeans-32-5bf1e4a3c9bf50219ffeac90,75,32,NAKED & FAMOUS SKINNY GUY stretch skinny jeans 32,49
61,Naked & Famous Denim,2018-04-28,741,https://di2ponv0v5otw.cloudfront.net/posts/2018/04/28/5ae4d8d684b5ce1522a8c89a/s_5ae4d9038290af87c4553dbd.jpg,http://www.poshmark.com/listing/Naked-and-Famous-Weird-guy-linen-blend-jeans-38-5ae4d8d684b5ce1522a8c89a,70,38,Naked and Famous Weird guy linen blend jeans 38,47
62,Naked & Famous Denim,2020-05-05,3,https://di2ponv0v5otw.cloudfront.net/posts/2020/05/05/5eb1fae471766048e13ba840/s_5eb1fb876f6c9129cf1ee0d9.jpeg,http://www.poshmark.com/listing/NAKED-FAMOUS-DARK-WASH-DENIM-STRETCH-JEANS-5eb1fae471766048e13ba840,55,28,NAKED & FAMOUS DARK WASH DENIM STRETCH JEANS,44
63,Naked & Famous Denim,2020-03-10,59,https://di2ponv0v5otw.cloudfront.net/posts/2020/03/10/5e686dfbb38f0a62852eba9f/s_5e686e007f617f19e8c8787c.jpeg,http://www.poshmark.com/listing/NAKED-Famous-Indigo-Twill-Selvedge-Slim-Guy-Jean-5e686dfbb38f0a62852eba9f,75,33,NAKED & Famous Indigo Twill Selvedge Slim Guy Jean,50
64,Naked & Famous Denim,2019-09-29,222,https://di2ponv0v5otw.cloudfront.net/posts/2019/09/29/5d911b223072ee87d210b5df/s_5d911b25878dc959ed4abe34.jpeg,http://www.poshmark.com/listing/NAKED-FAMOUS-Broken-Twill-Greencast-Selvedge-30-5d911b223072ee87d210b5df,65,30,NAKED & FAMOUS Broken Twill Greencast Selvedge 30,49
65,Naked & Famous Denim,2019-09-15,236,https://di2ponv0v5otw.cloudfront.net/posts/2019/09/15/5d7e3d0d7aad52058afee472/s_5d7e3d127fc97437336348a3.jpeg,http://www.poshmark.com/listing/NAKED-FAMOUS-Weird-Guy-Slim-Fit-Selvedge-Denim-5d7e3d0d7aad52058afee472,75,32,"NAKED & FAMOUS 'Weird Guy"" Slim Fit Selvedge Denim",50
66,Naked & Famous Denim,2020-01-25,104,https://di2ponv0v5otw.cloudfront.net/posts/2020/01/25/5e2cbcfc16105d7e3887488f/s_5e2cbd0e2e7c2f44cfef7753.jpg,http://www.poshmark.com/listing/Naked-Famous-Selvedge-Jeans-Size-33-NWOT-5e2cbcfc16105d7e3887488f,109,33,Naked & Famous Selvedge Jeans Size 33 NWOT,42
67,Naked & Famous Denim,2019-08-31,251,https://di2ponv0v5otw.cloudfront.net/posts/2019/08/31/5d6a8954138e18c4f74a7923/s_5d6a8976bb22e38dac0d6653.jpg,http://www.poshmark.com/listing/Naked-Famous-Weird-Guy-Twill-Selvedge-Jeans-5d6a8954138e18c4f74a7923,99,30,Naked & Famous Weird Guy Twill Selvedge Jeans,45
68,Naked & Famous Denim,2020-05-04,4,https://di2ponv0v5otw.cloudfront.net/posts/2020/05/04/5eb07b27ce1e877cc56ff6b1/s_5eb07b61e97e482f11050d11.jpg,http://www.poshmark.com/listing/Naked-Famous-Chambray-Selvedge-Jeans-Size-33-EUC-5eb07b27ce1e877cc56ff6b1,75,33,Naked & Famous Chambray Selvedge Jeans Size 33 EUC,50
69,Naked & Famous Denim,2016-11-29,1256,https://dtpmhvbsmffsz.cloudfront.net/posts/2016/11/29/583da741a88e7d9860011abc/s_593fd6f2f0137d20f90001ed.jpg,http://www.poshmark.com/listing/NAKED-AND-FAMOUS-MENS-JEANS-SIZE-30-583da741a88e7d9860011abc,39,30,NAKED AND FAMOUS MENS JEANS SIZE 30,35
70,Naked & Famous Denim,2020-02-18,80,https://di2ponv0v5otw.cloudfront.net/posts/2020/02/18/5e4be9ce969d1fba9ae0e575/s_5e4be9f319c157a85eba5a72.jpg,http://www.poshmark.com/listing/Naked-and-Famous-stretch-selvedge-Jeans-34x34-5e4be9ce969d1fba9ae0e575,125,34,Naked and Famous stretch selvedge Jeans 34x34,45
71,Naked & Famous Denim,2020-03-08,61,https://di2ponv0v5otw.cloudfront.net/posts/2020/03/08/5e64ad039503b7b0115262f7/s_5e64ad0616105da36f25b75a.jpeg,http://www.poshmark.com/listing/NAKED-FAMOUS-SKINNY-GUY-DEEP-INDIGO-SELVEDGE-DENIM-5e64ad039503b7b0115262f7,99,32,NAKED FAMOUS SKINNY GUY DEEP INDIGO SELVEDGE DENIM,50
72,Naked & Famous Denim,2020-04-20,18,https://di2ponv0v5otw.cloudfront.net/posts/2020/04/20/5e9e4a6309d7607f070ddcfe/s_5e9e4a99ae766f3b6aff0b44.jpg,http://www.poshmark.com/listing/Naked-Famous-Grey-Selvedge-Easy-Guy-Jeans-29-5e9e4a6309d7607f070ddcfe,65,29,Naked & Famous Grey Selvedge Easy Guy Jeans 29,46
73,Naked & Famous Denim,2020-02-16,82,https://di2ponv0v5otw.cloudfront.net/posts/2020/02/16/5e49d6b1318740b65ef96f3b/s_5e49d7221528129cb946b226.jpg,http://www.poshmark.com/listing/NAKED-FAMOUS-DENIM-5e49d6b1318740b65ef96f3b,100,31,NAKED & FAMOUS DENIM,20
74,Naked & Famous Denim,2020-02-11,87,https://di2ponv0v5otw.cloudfront.net/posts/2020/02/11/5e438a92a20dfca1f87eccf9/s_5e438aabbb22e3b47f052172.jpg,http://www.poshmark.com/listing/NAKED-FAMOUS-Japanese-Denim-5e438a92a20dfca1f87eccf9,100,30,NAKED & FAMOUS Japanese Denim,29
75,Naked & Famous Denim,2019-11-25,165,https://di2ponv0v5otw.cloudfront.net/posts/2019/11/25/5ddc07518d6f1adcc242b0be/s_5ddc077526219fdd359e1a4b.jpg,http://www.poshmark.com/listing/Naked-Famous-Weird-Guy-Selvage-Jeans-W28-5ddc07518d6f1adcc242b0be,45,28,Naked & Famous Weird Guy Selvage Jeans W28,42
76,Naked & Famous Denim,2020-01-28,101,https://di2ponv0v5otw.cloudfront.net/posts/2020/01/28/5e306941b3e917d1baaba6c7/s_5e306976bbf076bb4fa67787.jpg,http://www.poshmark.com/listing/Naked-Famous-Weird-Guy-Indigo-Selvedge-5e306941b3e917d1baaba6c7,55,32,Naked & Famous Weird Guy Indigo Selvedge,40
77,Naked & Famous Denim,2020-02-13,85,https://di2ponv0v5otw.cloudfront.net/posts/2020/02/13/5e461e181153ba007eadda90/s_5e461fc9aa7ed39d4fde2c1f.jpg,http://www.poshmark.com/listing/Naked-Famous-Denim-Weird-Guy-Skinny-Jeans-5e461e181153ba007eadda90,45,29,Naked & Famous Denim Weird Guy Skinny Jeans,43
78,Naked & Famous Denim,2020-05-07,1,https://di2ponv0v5otw.cloudfront.net/posts/2020/05/07/5eb424f3463d4fd0f7632c22/s_5eb4251defd0e49f6a0a5933.jpg,http://www.poshmark.com/listing/Naked-Famous-Weird-Guy-Clear-Blue-Selvedge-Denim-5eb424f3463d4fd0f7632c22,75,30,Naked & Famous Weird Guy Clear Blue Selvedge Denim,50
79,Naked & Famous Denim,2020-02-06,92,https://di2ponv0v5otw.cloudfront.net/posts/2020/02/06/5e3c94a250177f3fbdd577d2/s_5e3c94a75967043a826f8afc.jpeg,http://www.poshmark.com/listing/Naked-Famous-Skinny-Guy-Selvedge-Stretch-Jeans-5e3c94a250177f3fbdd577d2,100,,Naked & Famous Skinny Guy Selvedge Stretch Jeans,48
80,Naked & Famous Denim,2020-02-13,85,https://di2ponv0v5otw.cloudfront.net/posts/2020/02/13/5e45f7fbdc11f3c42681ab30/s_5e45f7ff216968034d67c7bf.jpeg,http://www.poshmark.com/listing/Naked-Famous-Weird-Guy-Slub-Selvedge-Jeans-5e45f7fbdc11f3c42681ab30,100,,Naked & Famous Weird Guy Slub Selvedge Jeans,44
81,Naked & Famous Denim,2020-02-13,85,https://di2ponv0v5otw.cloudfront.net/posts/2020/02/13/5e45fb1aeeb5231d6efa75f0/s_5e45fb1ec953d87e943df206.jpeg,http://www.poshmark.com/listing/Naked-Famous-Black-Skinny-Guy-Jeans-5e45fb1aeeb5231d6efa75f0,100,,Naked & Famous Black Skinny Guy Jeans,37
82,Naked & Famous Denim,2020-04-04,34,https://di2ponv0v5otw.cloudfront.net/posts/2020/04/04/5e88f34affba948151af3264/s_5e88f38de107bbd34e84aab4.jpg,http://www.poshmark.com/listing/NAKED-FAMOUS-super-skinny-guy-selvedge-denim-5e88f34affba948151af3264,55,28,NAKED & FAMOUS | super skinny guy selvedge denim,48
83,Naked & Famous Denim,2019-10-15,206,https://di2ponv0v5otw.cloudfront.net/posts/2019/10/15/5da56f3716105dc8e77b1b83/s_5da56f5ab3e917ba97f5f6a5.jpg,http://www.poshmark.com/listing/Naked-Famous-Super-Skinny-Cut-size-30-black-jean-5da56f3716105dc8e77b1b83,45,30,Naked & Famous Super Skinny Cut size 30 black jean,50
84,Naked & Famous Denim,2020-04-09,29,https://di2ponv0v5otw.cloudfront.net/posts/2020/04/09/5e8fbf7f8da5c984dd463fc1/s_5e8fbf95ac97026df2dc09b0.jpg,http://www.poshmark.com/listing/Naked-famous-denim-stretch-skinny-black-jeans-5e8fbf7f8da5c984dd463fc1,40,30,Naked & famous denim stretch skinny black jeans,47
85,Naked & Famous Denim,2019-12-28,132,https://di2ponv0v5otw.cloudfront.net/posts/2019/12/28/5e083713bb22e33ce760ec16/s_5e08374d31874089d6a930ec.jpg,http://www.poshmark.com/listing/Naked-Famous-Weird-Guy-Indigo-Selvedge-Jeans-5e083713bb22e33ce760ec16,79,29,Naked & Famous Weird Guy Indigo Selvedge Jeans,46
86,Naked & Famous Denim,2019-09-28,223,https://di2ponv0v5otw.cloudfront.net/posts/2019/09/28/5d8f8a112e7c2ff4de5874dc/s_5d8f8a5108d2c21d3afb6558.jpg,http://www.poshmark.com/listing/Naked-Famous-indigo-stretch-selvedge-dark-jeans-5d8f8a112e7c2ff4de5874dc,69,31,Naked & Famous indigo stretch selvedge dark jeans,49
87,Naked & Famous Denim,2020-04-20,18,https://di2ponv0v5otw.cloudfront.net/posts/2020/04/20/5e9e1c22920786ea8688609b/s_5e9e1c3de107bb1d7b5e66bd.jpg,http://www.poshmark.com/listing/Naked-Famous-Skinny-Guy-Silk-Denim-Jeans-5e9e1c22920786ea8688609b,69,30,Naked & Famous Skinny Guy Silk Denim Jeans,42
88,Naked & Famous Denim,2019-10-28,193,https://di2ponv0v5otw.cloudfront.net/posts/2019/10/28/5db76c309d3b784db2767611/s_5db76d1ebb22e30f02b9c415.jpg,http://www.poshmark.com/listing/Naked-and-famous-weirdguy-grey-Selvedge-Jeans-30-5db76c309d3b784db2767611,75,30,Naked and famous weirdguy grey Selvedge Jeans 30,48
89,Naked & Famous Denim,2019-12-09,151,https://di2ponv0v5otw.cloudfront.net/posts/2019/12/09/5deefb1310f00fd58d049210/s_5deefbc408d2c2553938de8b.jpg,http://www.poshmark.com/listing/Naked-Famous-Weird-Guy-Double-Weave-Jeans-sz-33-5deefb1310f00fd58d049210,74,33,Naked & Famous Weird Guy Double Weave Jeans sz 33,49
90,Naked & Famous Denim,2019-12-23,137,https://di2ponv0v5otw.cloudfront.net/posts/2019/12/23/5e011f15138e1826bc65e374/s_5e01201faa7ed350793c6e1b.jpg,http://www.poshmark.com/listing/Skinny-Naked-Famous-Jeans-5e011f15138e1826bc65e374,99,34,Skinny Naked & Famous Jeans,27
91,Naked & Famous Denim,2019-12-23,137,https://di2ponv0v5otw.cloudfront.net/posts/2019/12/23/5e019199bbf07649b1c31aa8/s_5e0191d9e974fb5597c260c4.jpg,http://www.poshmark.com/listing/NAKED-AND-FAMOUS-JEANS-size-33x29-5e019199bbf07649b1c31aa8,89,33,NAKED AND FAMOUS JEANS. size 33x29,34
92,Naked & Famous Denim,2020-01-04,125,https://di2ponv0v5otw.cloudfront.net/posts/2020/01/04/5e115f6fb146cced7fbcb8e3/s_5e11609aabe1cec0f17c987f.jpg,http://www.poshmark.com/listing/NWOT-Naked-Famous-SlimGuy-Denim-31-5e115f6fb146cced7fbcb8e3,85,31,NWOT Naked & Famous SlimGuy Denim | 31,38
93,Naked & Famous Denim,2020-03-31,38,https://di2ponv0v5otw.cloudfront.net/posts/2020/03/31/5e83482dae766f4536903bdf/s_5e83484193649f511b3ed2dd.jpg,http://www.poshmark.com/listing/NAKED-FAMOUS-Denim-Jeans-5e83482dae766f4536903bdf,129,33,NAKED & FAMOUS Denim Jeans üëñ,28
94,Naked & Famous Denim,2018-12-13,512,https://di2ponv0v5otw.cloudfront.net/posts/2018/12/13/5c1299495c4452ebb0df3d2c/s_5c1299b54ab6337af6ba799f.jpg,http://www.poshmark.com/listing/Naked-Famous-Skinny-Guy-Denim-size-29-5c1299495c4452ebb0df3d2c,60,29,Naked & Famous Skinny Guy Denim size 29,39
95,Naked & Famous Denim,2020-02-16,82,https://di2ponv0v5otw.cloudfront.net/posts/2020/02/16/5e49d6e8c953d87e9450bf97/s_5e49d7ef26219fe68198564d.jpg,http://www.poshmark.com/listing/Weird-Guy-Khaki-Green-Selvedge-Chino-Jeans-5e49d6e8c953d87e9450bf97,125,30,Weird Guy - Khaki Green Selvedge Chino Jeans,44
96,Levi's,2020-01-21,108,https://di2ponv0v5otw.cloudfront.net/posts/2020/01/21/5e27bb25bbf076a5b987519c/s_5e27bb3eb146cc779e0df9a8.jpg,http://www.poshmark.com/listing/Mens-jeans-buy-1-get-1-50-off-5e27bb25bbf076a5b987519c,20,30,Men‚Äôs jeans buy 1 get 1 50% off!!! üî•üî•üî•üî•,39
97,Levi's,2020-03-24,45,https://di2ponv0v5otw.cloudfront.net/posts/2020/03/24/5e7a40f090feb612093bc7a5/s_5e7a412b152812292ad386fe.jpg,http://www.poshmark.com/listing/Mens-VINTAGE-Acid-Wash-Levis-505-5e7a40f090feb612093bc7a5,35,,Men‚Äôs VINTAGE Acid Wash Levi‚Äôs (505),36
98,Levi's,2020-03-14,55,https://di2ponv0v5otw.cloudfront.net/posts/2020/03/14/5e6d42a829f030c15c871d35/s_5e6d43119ed36df9a624c1d6.jpg,http://www.poshmark.com/listing/Levis-514-Slim-Straight-Leg-Jeans-5e6d42a829f030c15c871d35,34,29,Levi‚Äôs 514 Slim Straight Leg Jeans,34
99,Levi's,2020-03-19,50,https://di2ponv0v5otw.cloudfront.net/posts/2020/03/19/5e7418bd9ed36d989ba860be/s_5e74194f2414832f7bdcbf8a.jpg,http://www.poshmark.com/listing/Levis-514-Vintage-Men-Blue-Jeans-W34-X-L34-5e7418bd9ed36d989ba860be,49,34,Levi‚Äôs 514 Vintage Men Blue Jeans W34 X L34,43
100,Levi's,2020-02-17,81,https://di2ponv0v5otw.cloudfront.net/posts/2020/02/17/5e4b51c0adb58dace0fc7e61/s_5e5ec15e2e7c2fe4899c2933.jpg,http://www.poshmark.com/listing/Levis-514-Straight-Fit-Mens-Jeans-Size-16Reg-5e4b51c0adb58dace0fc7e61,35,28,Levi‚Äôs 514 Straight Fit Men‚Äôs Jeans Size 16Reg,46
101,Levi's,2020-03-03,66,https://di2ponv0v5otw.cloudfront.net/posts/2020/03/03/5e5eb3f706d59c9cfc2e0f23/s_5e5eb44b152812307c53bb40.jpg,http://www.poshmark.com/listing/Vintage-Levis-514-Straight-Men-Blue-Jean-W28X-L28-5e5eb3f706d59c9cfc2e0f23,25,28,Vintage Levi‚Äôs 514 Straight Men Blue Jean W28X L28,50
102,Levi's,2020-03-15,54,https://di2ponv0v5otw.cloudfront.net/posts/2020/03/15/5e6e8ea1bb22e3cd309aee7e/s_5e6e8ed27f617fd2d0488c20.jpg,http://www.poshmark.com/listing/Vintage-Levis-505-Men-Regular-Fit-Jeans-W34-x-L32-5e6e8ea1bb22e3cd309aee7e,67,34,Vintage Levi‚Äôs 505 Men Regular Fit Jeans W34 x L32,50
103,Levi's,2020-02-27,71,https://di2ponv0v5otw.cloudfront.net/posts/2020/02/27/5e58552f93b46aaeec6db379/s_5e5855625967044014de37c7.jpg,http://www.poshmark.com/listing/Levis-511-Men-Slim-W-29-X-L29-5e58552f93b46aaeec6db379,23,29,Levi‚Äôs  511 Men Slim W 29 X L29,31
104,Levi's,2020-01-14,115,https://di2ponv0v5otw.cloudfront.net/posts/2020/01/14/5e1dae5f1445651c0c75a0e1/s_5e1dae7021cd0ac9958c06a2.jpeg,http://www.poshmark.com/listing/Levi-550-Black-Jeans-34-x-34-Relaxed-Fit-Mens-5e1dae5f1445651c0c75a0e1,17,34,Levi 550 Black Jeans 34 x 34 Relaxed Fit Mens',46
105,Levi's,2020-01-28,101,https://di2ponv0v5otw.cloudfront.net/posts/2020/01/28/5e3088d4596704558e256a12/s_5e30890129f0303d333dd2a1.jpg,http://www.poshmark.com/listing/Mens-jeans-buy-1-get-1-50-off-5e3088d4596704558e256a12,25,36,Men‚Äôs jeans buy 1 get 1 50% off!!! üî•üî•üî•üî•,39
106,Levi's,2020-01-21,108,https://di2ponv0v5otw.cloudfront.net/posts/2020/01/21/5e275469b146ccc701f9dc8f/s_5e2755769e1559e85ca6e792.jpg,http://www.poshmark.com/listing/NWT-Levis-510-Men-Skinny-Stretch-Jean-Pant-5e275469b146ccc701f9dc8f,45,28,NWT Levi‚Äôs 510 Men Skinny Stretch Jean Pant,43
107,Levi's,2020-04-02,36,https://di2ponv0v5otw.cloudfront.net/posts/2020/04/02/5e86ba03e41fe011c0b51535/s_5e86ba07ac97022bec454e60.jpeg,http://www.poshmark.com/listing/Levis-Strauss-559-Mens-Relaxed-Straight-Jeans-5e86ba03e41fe011c0b51535,27,40,Levi's Strauss 559 Men's Relaxed Straight Jeans,47
108,Levi's,2019-12-13,147,https://di2ponv0v5otw.cloudfront.net/posts/2019/12/13/5df3d6ea6a7fba7cb16162e1/s_5df3d74708d2c201f05393e7.jpg,http://www.poshmark.com/listing/Levi-Strauss-511-Jeans-5df3d6ea6a7fba7cb16162e1,20,33,Levi Strauss 511 Jeans,22
109,Levi's,2020-04-26,12,https://di2ponv0v5otw.cloudfront.net/posts/2020/04/26/5ea5ef0bdb99b9cc71deaa8e/s_5ea5ef0d67bd91580261a1a5.jpeg,http://www.poshmark.com/listing/Levis-Vintage-1947-501-Mens-Jeans-29X34-NWT-5ea5ef0bdb99b9cc71deaa8e,89,29,Levi's Vintage 1947 501 Men's Jeans 29X34 - NWT,47
110,Levi's,2020-01-19,110,https://di2ponv0v5otw.cloudfront.net/posts/2020/01/19/5e25327d10f00f52f0e601ff/s_5e2532d92414833fc1359d5c.jpg,http://www.poshmark.com/listing/Levis-511-Slim-Straight-Jeans-5e25327d10f00f52f0e601ff,21,,‚úîÔ∏èLevi's 511 Slim Straight Jeans,32
111,Levi's,2020-04-29,9,https://di2ponv0v5otw.cloudfront.net/posts/2020/04/29/5ea9c1586e2846e5eb89dee1/s_5ea9c174e107bbe73bbfa113.jpg,http://www.poshmark.com/listing/Levis-relaxed-fit-550-jeans-46-x-32-5ea9c1586e2846e5eb89dee1,30,46,Levi‚Äôs relaxed fit 550 jeans 46 x 32,36
112,Levi's,2020-01-13,116,https://di2ponv0v5otw.cloudfront.net/posts/2020/01/13/5e1d383e10f00f5acb62e8f0/s_5e1d38612414835ffc6f7b1c.jpg,http://www.poshmark.com/listing/Levis-Big-E-510-skinny-jeans-5e1d383e10f00f5acb62e8f0,45,30,Levi‚Äôs Big E 510 skinny jeans,29
113,Levi's,2018-11-11,544,https://di2ponv0v5otw.cloudfront.net/posts/2018/11/11/5be8e744409c152d36a5e0a7/s_5be8e76c0cb5aa86ccb91096.jpg,http://www.poshmark.com/listing/Vintage-Levi-Slim-Straight-514-JeansMens-5be8e744409c152d36a5e0a7,18,,Vintage Levi Slim Straight 514 Jeans-Men‚Äôs,42
114,Levi's,2019-05-27,347,https://di2ponv0v5otw.cloudfront.net/posts/2019/05/27/5cec4ed12e7c2f4158b24e74/s_5cec50707a8173f0556dc774.jpg,http://www.poshmark.com/listing/Levis-100-Cotton-569-Med-Wash-Jeans-Sz-34-x-32-5cec4ed12e7c2f4158b24e74,34,34,Levi‚Äôs 100% Cotton 569 Med Wash Jeans Sz 34 x 32,48
115,Levi's,2020-05-01,7,https://di2ponv0v5otw.cloudfront.net/posts/2020/05/01/5eac83104ef562337529ea8f/s_5eac831960fded439170187d.jpeg,http://www.poshmark.com/listing/Just-InLevis-Relaxed-Fit-Blue-Jeans-5eac83104ef562337529ea8f,24,36,Just In‚ú®Levi‚Äôs Relaxed Fit Blue Jeans,37
116,Levi's,2020-04-20,18,https://di2ponv0v5otw.cloudfront.net/posts/2020/04/20/5e9e317412d88080a67349fe/s_5e9e318e463d4f94af6d1416.jpg,http://www.poshmark.com/listing/Levis-Vintage-Orange-Tab-Acid-Wash-Jeans-5e9e317412d88080a67349fe,59,36,Levi‚Äôs Vintage Orange Tab Acid Wash Jeans,41
117,Levi's,2019-12-07,153,https://di2ponv0v5otw.cloudfront.net/posts/2019/12/07/5debe24a8d653d9dc110d49c/s_5debe263b3e91706aec82e69.jpg,http://www.poshmark.com/listing/Vintage-Levis-550-Distressed-Relaxed-Fit-32-32-5debe24a8d653d9dc110d49c,40,32,Vintage Levi's 550 Distressed Relaxed Fit 32 √ó 32,49
118,Levi's,2020-03-24,45,https://di2ponv0v5otw.cloudfront.net/posts/2020/03/24/5e7a44bd689ebce2bff3028c/s_5e7a456cb3e917385048b7cf.jpg,http://www.poshmark.com/listing/Levis-All-Seasons-Tech-Pants-5e7a44bd689ebce2bff3028c,13,36,Levi‚Äôs All Seasons Tech Pants,29
119,Levi's,2019-06-30,313,https://di2ponv0v5otw.cloudfront.net/posts/2019/06/30/5d194911dc11f3b065b77d5a/s_5d1949122670a92b22fdf9d2.jpeg,http://www.poshmark.com/listing/Levis-505-Black-Regular-Fit-Straight-Leg-Jeans-5d194911dc11f3b065b77d5a,35,34,Levi's 505 Black Regular Fit Straight Leg Jeans,47
120,Levi's,2020-04-20,18,https://di2ponv0v5otw.cloudfront.net/posts/2020/04/20/5e9e2ec42f3d197605654dac/s_5e9e2ee4c693bde44bda8581.jpg,http://www.poshmark.com/listing/Vintage-Levis-550-Orange-Tab-High-Waisted-Jeans-5e9e2ec42f3d197605654dac,59,36,Vintage Levi‚Äôs 550 Orange Tab High Waisted Jeans,48
121,Levi's,2018-11-05,550,https://di2ponv0v5otw.cloudfront.net/posts/2018/11/05/5be118dcc89e1d81ca1172ce/s_5be1191a534ef90419a67c0c.jpg,http://www.poshmark.com/listing/Levis-Strauss-Slim-Straight-Jeans-5be118dcc89e1d81ca1172ce,18,,Levi‚Äôs Strauss Slim Straight Jeans,34
122,Levi's,2020-03-19,50,https://di2ponv0v5otw.cloudfront.net/posts/2020/03/19/5e7403a810f00f52036625af/s_5e7403b59e15597e3d6638fa.jpg,http://www.poshmark.com/listing/NWT-LEVIS-Mens-Relaxed-Fit-Black-Jeans-5e7403a810f00f52036625af,50,40,NWT. LEVI‚ÄôS Men‚Äôs Relaxed Fit Black Jeans,41
123,Levi's,2020-03-25,44,https://di2ponv0v5otw.cloudfront.net/posts/2020/03/25/5e7bae31fe19c7c4085206fe/s_5e7bae3d29f030083ca73e1d.jpg,http://www.poshmark.com/listing/NWT-LEVIS-Mens-550-Relaxed-Fit-Jeans-5e7bae31fe19c7c4085206fe,50,32,NWT. LEVI‚ÄôS Men‚Äôs 550 Relaxed Fit Jeans,39
124,Levi's,2020-05-07,1,https://di2ponv0v5otw.cloudfront.net/posts/2020/05/07/5eb46a36fdea1b7cf9160666/s_5eb46a3bd737fd5998c866b8.jpeg,http://www.poshmark.com/listing/Levis-Capital-E-Hesher-Regular-Straight-Jeans-31-5eb46a36fdea1b7cf9160666,50,31,Levi's Capital E Hesher Regular Straight Jeans 31,49
125,Levi's,2020-02-03,95,https://di2ponv0v5otw.cloudfront.net/posts/2020/02/03/5e38753806d59c879d414792/s_5e38755e689ebc428f241a6f.jpg,http://www.poshmark.com/listing/Levis-514-Mens-Blue-Work-Jeans-Pants-Size-34x32-5e38753806d59c879d414792,25,34,Levi's | 514 Mens Blue Work Jeans Pants Size 34x32,50
126,Levi's,2020-01-29,100,https://di2ponv0v5otw.cloudfront.net/posts/2020/01/29/5e325fc01153ba6e930da819/s_5e325ff92cc5152dfdbb3d1e.jpg,http://www.poshmark.com/listing/Mens-jeans-buy-1-get-1-50-off-5e325fc01153ba6e930da819,35,36,Men‚Äôs jeans buy 1 get 1 50% off!!! üî•üî•üî•üî•,39
127,Levi's,2020-01-04,125,https://di2ponv0v5otw.cloudfront.net/posts/2020/01/04/5e11113f8ecb5d1941b2206b/s_5e1111411528128fd2d90e1c.jpeg,http://www.poshmark.com/listing/LEVIS-Silver-501-Original-Straight-Leg-5e11113f8ecb5d1941b2206b,43,,LEVI‚ÄôS Silver 501 Original Straight Leg,39
128,Levi's,2020-02-20,78,https://di2ponv0v5otw.cloudfront.net/posts/2020/02/20/5e4f39372f82765b26f1991e/s_5e4f3959b3e917bc563e8650.jpg,http://www.poshmark.com/listing/Levis-569-Loose-Straight-Fit-Mens-Jeans-Sz-42x32-5e4f39372f82765b26f1991e,25,42,Levi‚Äôs 569 Loose Straight Fit Men‚Äôs Jeans Sz 42x32,50
129,Levi's,2020-03-27,42,https://di2ponv0v5otw.cloudfront.net/posts/2020/03/27/5e7e0d229503b7d9012299f3/s_5e7e0d2490feb6205fdfe0c7.jpeg,http://www.poshmark.com/listing/Vintage-Levis-517-Jeans-Straight-Denim-Gray-33x32-5e7e0d229503b7d9012299f3,43,33,Vintage Levi's 517 Jeans Straight Denim Gray 33x32,50
130,Levi's,2019-08-21,261,https://di2ponv0v5otw.cloudfront.net/posts/2019/08/21/5d5d7b0ad400088f6fef02d8/s_5d5d7b297f617f784fc59442.jpg,http://www.poshmark.com/listing/Levis-550-Light-Wash-Relaxed-Fit-Jeans-5d5d7b0ad400088f6fef02d8,30,,Levi's 550 Light Wash Relaxed Fit Jeans,39
131,Levi's,2020-03-04,65,https://di2ponv0v5otw.cloudfront.net/posts/2020/03/04/5e604027d58a5a6fa60841b2/s_5e60402ae974fb65a827ef87.jpeg,http://www.poshmark.com/listing/1990s-Levis-501xx-black-denim-34X32-VTG-5e604027d58a5a6fa60841b2,71,34,1990s Levi's 501xx black denim 34X32 VTG,40
132,Levi's,2020-01-31,98,https://di2ponv0v5otw.cloudfront.net/posts/2020/01/31/5e3500f5e974fb11a02506cc/s_5e35011f08d2c242fa0de60e.jpg,http://www.poshmark.com/listing/Mens-jeans-buy-1-get-1-50-off-5e3500f5e974fb11a02506cc,30,36,Men‚Äôs jeans buy 1 get 1 50% off!!! üî•üî•üî•üî•,39
133,Levi's,2020-02-22,76,https://di2ponv0v5otw.cloudfront.net/posts/2020/02/22/5e51544bd40008b96a3cc6f2/s_5e51549508d2c2ce99434975.jpg,http://www.poshmark.com/listing/LEVIS-569-JEANS-W36-L-30-5e51544bd40008b96a3cc6f2,35,36,LEVIS 569 JEANS W36 L 30,24
134,Levi's,2020-04-09,29,https://di2ponv0v5otw.cloudfront.net/posts/2020/04/09/5e8f8e59e1316445446b3291/s_5e8f8e63e107bb37f0b5f12a.jpg,http://www.poshmark.com/listing/Mens-Mystery-Box-5e8f8e59e1316445446b3291,20,,Men's Mystery Box,17
135,Levi's,2019-03-26,409,https://di2ponv0v5otw.cloudfront.net/posts/2019/03/26/5c9ae4120cb5aa3ebb474343/s_5c9ae520c9bf50c6f8fe35cd.jpg,http://www.poshmark.com/listing/Mens-jeans-buy-1-get-1-50-off-5c9ae4120cb5aa3ebb474343,25,33,Men‚Äôs jeans buy 1 get 1 50% off!!! üî•üî•üî•üî•,39
136,Levi's,2020-01-12,117,https://di2ponv0v5otw.cloudfront.net/posts/2020/01/12/5e1be41ef2d35e21ed1682b8/s_5e1be42210f00f48152a822a.jpeg,http://www.poshmark.com/listing/Levis-505-Black-Denim-Straight-Leg-Jeans-Size-36-5e1be41ef2d35e21ed1682b8,45,36,Levi's 505 Black Denim Straight Leg Jeans Size 36,49
137,Levi's,2020-01-14,115,https://di2ponv0v5otw.cloudfront.net/posts/2020/01/14/5e1e0635264a5546727bbcab/s_5e28b0f0180efd107b62bb69.jpg,http://www.poshmark.com/listing/Levis-527-Bootcut-Jean-5-for-25-Sale-5e1e0635264a5546727bbcab,10,,Levi‚Äôs 527 Bootcut Jean üéØ 5 for $25 Sale,40
138,Levi's,2020-02-15,83,https://di2ponv0v5otw.cloudfront.net/posts/2020/02/15/5e48528c2cc515084f21ee56/s_5e4852a029f03046e8f2b7b0.jpg,http://www.poshmark.com/listing/Mens-Levis-505-regular-Straight-fit-jeans-38x32-5e48528c2cc515084f21ee56,25,38,Men's Levi's 505 regular Straight fit jeans 38x32,49
139,Levi's,2020-01-25,104,https://di2ponv0v5otw.cloudfront.net/posts/2020/01/25/5e2ca3c9c953d8b137f3557c/s_5e2ca3f2bb22e3d379a1c16c.jpg,http://www.poshmark.com/listing/Levis-505-Destroyed-Hem-Blue-Jeans-32-x-34-5e2ca3c9c953d8b137f3557c,25,32,Levi's 505 | Destroyed Hem Blue Jeans 32 x 34,45
140,Levi's,2020-02-26,72,https://di2ponv0v5otw.cloudfront.net/posts/2020/02/26/5e56978dbb22e369f4ae592c/s_5e5698b3180efdf08e6c8ddb.jpg,http://www.poshmark.com/listing/Levis-Strauss-514-29-5e56978dbb22e369f4ae592c,25,29,Levi‚Äôs Strauss 514 29,21
141,Levi's,2020-05-07,1,https://di2ponv0v5otw.cloudfront.net/posts/2020/05/07/5eb469952a1effb1af4ea230/s_5eb469b4e97e484abb2e3646.jpg,http://www.poshmark.com/listing/Mens-Denizen-Levis-285-Relaxed-Fit-jeans-36x30-5eb469952a1effb1af4ea230,25,36,Men‚Äôs Denizen Levi‚Äôs 285 Relaxed Fit jeans 36x30,48
142,Levi's,2020-02-02,96,https://di2ponv0v5otw.cloudfront.net/posts/2020/02/02/5e3756099d3b78d3c89c3352/s_5e37563324148340cda21da8.jpg,http://www.poshmark.com/listing/Mens-Royal-Blue-Levis-Jeans-30x30-5e3756099d3b78d3c89c3352,20,30,Men‚Äôs Royal Blue Levi‚Äôs Jeans 30x30,35
143,Levi's,2019-02-11,452,https://di2ponv0v5otw.cloudfront.net/posts/2019/02/11/5c624fdaaa8770bd44eeeb1b/s_5e0e10217a81730b60be0163.jpg,http://www.poshmark.com/listing/501-Button-Fly-Straight-Leg-High-Rise-Denim-5c624fdaaa8770bd44eeeb1b,35,33,501 Button Fly Straight Leg High Rise Denim,43
144,Diesel,2019-07-03,310,https://di2ponv0v5otw.cloudfront.net/posts/2019/07/03/5d1d216e26219f0bbde6dc24/s_5d1d21d09ed36ddae4f9b710.jpg,http://www.poshmark.com/listing/Diesel-Saddle-Basic-Worn-In-Highrise-Jeans-Sz-31-5d1d216e26219f0bbde6dc24,49,31,Diesel Saddle Basic Worn In Highrise Jeans Sz 31,48
145,Diesel,2020-02-19,79,https://di2ponv0v5otw.cloudfront.net/posts/2020/02/19/5e4de26f8d6f1ae37aeddde1/s_5e4de297248f7a6dd79277cc.jpg,http://www.poshmark.com/listing/Diesel-Safado-0016R-Jean-28-5e4de26f8d6f1ae37aeddde1,50,28,Diesel | Safado 0016R Jean 28,29
146,Diesel,2020-01-01,128,https://di2ponv0v5otw.cloudfront.net/posts/2020/01/01/5e0cee55318740ead3646a76/s_5e0cee882f8276d18295943a.jpg,http://www.poshmark.com/listing/Diesel-Larkee-Straight-Leg-Light-Wash-5e0cee55318740ead3646a76,30,33,Diesel Larkee Straight Leg Light Wash,37
147,Diesel,2020-03-14,55,https://di2ponv0v5otw.cloudfront.net/posts/2020/03/14/5e6d8e20138e186401e82bd9/s_5e83f653163df4a1dbbd1395.jpg,http://www.poshmark.com/listing/Diesel-Slim-Straight-Safado-Jeans-5e6d8e20138e186401e82bd9,65,36,Diesel Slim Straight Safado Jeans üëñ,35
148,Diesel,2020-04-06,32,https://di2ponv0v5otw.cloudfront.net/posts/2020/04/06/5e8bd7c5e80523828ef10c2b/s_5e8bd7c893649fecef7810b2.jpeg,http://www.poshmark.com/listing/DIESEL-Mens-Reen-Dark-Straight-Leg-Distressed-5e8bd7c5e80523828ef10c2b,45,27,DIESEL Mens Reen Dark Straight Leg Distressed,45
149,Diesel,2020-04-20,18,https://di2ponv0v5otw.cloudfront.net/posts/2020/04/20/5e9dd6e09e1559edf86a44fb/s_5e9dd711ce1e8762363ae1ae.jpg,http://www.poshmark.com/listing/Diesel-Men-Italy-ONIJO-Button-Fly-Distressed-Jeans-5e9dd6e09e1559edf86a44fb,115,36,Diesel Men Italy ONIJO Button Fly Distressed Jeans,50
150,Diesel,2020-05-03,5,https://di2ponv0v5otw.cloudfront.net/posts/2020/05/03/5eaf047369141292b8e40113/s_5eaf048c7f80d21ac5fb191d.jpg,http://www.poshmark.com/listing/Diesel-Levan-jeans-made-in-Italy-5eaf047369141292b8e40113,29,31,Diesel Levan jeans made in Italy üí™,34
151,Diesel,2020-01-19,110,https://di2ponv0v5otw.cloudfront.net/posts/2020/01/19/5e2530f906d59ccde451bc2c/s_5e25312e8d6f1a238f86b9da.jpg,http://www.poshmark.com/listing/Diesel-Rhial-Slim-Fit-Light-Wash-Jeans-Size-33x34-5e2530f906d59ccde451bc2c,80,33,Diesel Rhial Slim Fit Light Wash Jeans Size 33x34,49
152,Diesel,2020-04-15,23,https://di2ponv0v5otw.cloudfront.net/posts/2020/04/15/5e97557b21dac7caea71c906/s_5e97557dae766ff5f996208a.jpeg,http://www.poshmark.com/listing/Diesel-Korrik-Relaxed-Fit-Jeans-31W-x-30L-5e97557b21dac7caea71c906,95,31,Diesel Korrik Relaxed Fit Jeans 31W x 30L,41
153,Diesel,2020-04-15,23,https://di2ponv0v5otw.cloudfront.net/posts/2020/04/15/5e97548147471a351c79fc5f/s_5e97548312d8801f9b0e5db7.jpeg,http://www.poshmark.com/listing/Diesel-Larkee-RegularStraight-Jeans-33W-x-30L-5e97548147471a351c79fc5f,95,33,Diesel Larkee Regular-Straight Jeans 33W x 30L,46
154,Diesel,2020-04-20,18,https://di2ponv0v5otw.cloudfront.net/posts/2020/04/20/5e9dfdda0f00c38cfae6be91/s_5e9dfdddd737fdb04371c0de.jpeg,http://www.poshmark.com/listing/DIESEL-Zathan-Short-Inseam-Bootcut-Jeans-5e9dfdda0f00c38cfae6be91,45,38,"DIESEL | ""Zathan"" Short Inseam  Bootcut Jeans",45
155,Diesel,2020-02-04,94,https://di2ponv0v5otw.cloudfront.net/posts/2020/02/04/5e3a3165b146cc3ccc5b1a62/s_5e3a31b3d1aa253a62057183.jpg,http://www.poshmark.com/listing/NWT-Authentic-DIESEL-Krooley-Mens-Regular-Slim-32-5e3a3165b146cc3ccc5b1a62,125,32,NWT Authentic DIESEL Krooley Mens Regular Slim 32,49
156,Diesel,2019-12-30,130,https://di2ponv0v5otw.cloudfront.net/posts/2019/12/30/5e0a2c69c4cd7ec3ff945cd4/s_5e0a2cbc19c157ec25560ff4.jpg,http://www.poshmark.com/listing/DIESEL-Blue-Jeans-W30-L32-5e0a2c69c4cd7ec3ff945cd4,49,30,DIESEL Blue Jeans W30 L32,25
157,Diesel,2020-02-12,86,https://di2ponv0v5otw.cloudfront.net/posts/2020/02/12/5e4465b80c5e3b9998791d01/s_5e4465bd19c157bcc782f1e8.jpeg,http://www.poshmark.com/listing/DIESEL-ThommerT-084RK-Skinny-Jeans-5e4465b80c5e3b9998791d01,35,26,DIESEL | Thommer-T 084RK Skinny Jeans,37
158,Diesel,2020-01-20,109,https://di2ponv0v5otw.cloudfront.net/posts/2020/01/20/5e2618e92f8276a2531ba298/s_5e261919d948a187ac18ba73.jpg,http://www.poshmark.com/listing/Diesel-34305-Button-up-jeans-5e2618e92f8276a2531ba298,32,34,Diesel 34/30.5 Button up jeans,30
159,Diesel,2020-04-15,23,https://di2ponv0v5otw.cloudfront.net/posts/2020/04/15/5e970d1e2a1eff0bbc154a1f/s_5e970d25c693bdd03a6c17ea.jpg,http://www.poshmark.com/listing/Mens-Diesel-denim-jeans-Safado-5e970d1e2a1eff0bbc154a1f,15,,Men‚Äôs Diesel denim jeans Safado,31
160,Diesel,2020-02-29,69,https://di2ponv0v5otw.cloudfront.net/posts/2020/02/29/5e5a52ef2f8276578f13b9f0/s_5e5a7f5c9d3b78384d8591fc.jpg,http://www.poshmark.com/listing/DIESEL-ITALIAN-MADE-IMPORTED-NWOT-JOGG-JEANS-5e5a52ef2f8276578f13b9f0,117,34,DIESEL ITALIAN MADE IMPORTED NWOT JOGG JEANS,44
161,Diesel,2020-03-23,46,https://di2ponv0v5otw.cloudfront.net/posts/2020/03/23/5e7948c72cc5153787e5f921/s_5e794f4b2e7c2fd3fe4895db.jpg,http://www.poshmark.com/listing/Diesel-Jeans-5e7948c72cc5153787e5f921,30,33,Diesel Jeans,12
162,Diesel,2020-04-24,14,https://di2ponv0v5otw.cloudfront.net/posts/2020/04/24/5ea319b96f6c914c7da7a2c8/s_5ea319c1ff830496505c495b.jpg,http://www.poshmark.com/listing/Diesel-Jeans-29x30-waykee-regular-straight-5ea319b96f6c914c7da7a2c8,56,29,Diesel Jeans 29x30 waykee regular straight,42
163,Diesel,2019-10-08,213,https://di2ponv0v5otw.cloudfront.net/posts/2019/10/08/5d9cfd889ed36d45404262e5/s_5d9cff7eb3e917793f1563a9.jpg,http://www.poshmark.com/listing/Diesel-Industry-Krooley-Mens-Jeans-5d9cfd889ed36d45404262e5,35,30,Diesel Industry Krooley Men's Jeans,35
164,Diesel,2020-01-14,115,https://di2ponv0v5otw.cloudfront.net/posts/2020/01/14/5e1e7474e974fb4f60e777a1/s_5e6fdace2cc515b5a25854f9.jpg,http://www.poshmark.com/listing/Diesel-Darron-Reg-Slim-Tapered-Light-Grey-Jeans-31-5e1e7474e974fb4f60e777a1,45,31,Diesel Darron Reg Slim Tapered Light Grey Jeans 31,50
165,Diesel,2020-01-29,100,https://di2ponv0v5otw.cloudfront.net/posts/2020/01/29/5e3279f7138e18835b5b6d5c/s_5e3279fede696a9cf1917e34.jpg,http://www.poshmark.com/listing/Diesel-industry-jeans-5e3279f7138e18835b5b6d5c,49,38,Diesel industry jeans,21
166,Diesel,2019-03-06,429,https://di2ponv0v5otw.cloudfront.net/posts/2019/03/06/5c80bfa5ce44e26c288a876a/s_5c80bfa9fe515143f29efde7.jpeg,http://www.poshmark.com/listing/Diesel-Industry-Jeans-Straight-Leg-Jeans-5c80bfa5ce44e26c288a876a,25,30,Diesel Industry Jeans Straight Leg Jeans,40
167,Diesel,2019-12-19,141,https://di2ponv0v5otw.cloudfront.net/posts/2019/12/19/5dfbfad5fe19c7e7a73ea9f7/s_5dfbfd21264a55a9da6ce43d.jpg,http://www.poshmark.com/listing/Diesel-Darron-Slim-fit-Jeans-5dfbfad5fe19c7e7a73ea9f7,60,31,Diesel Darron Slim fit Jeans,28
168,Diesel,2020-05-05,3,https://di2ponv0v5otw.cloudfront.net/posts/2020/05/05/5eb21de6bbe44de31c0626d5/s_5eb21de6d737fd7b8708e500.jpeg,http://www.poshmark.com/listing/Diesel-Mens-Koffha-Bootcut-Blue-Jeans-Size-38-x-34-5eb21de6bbe44de31c0626d5,50,38,Diesel Mens Koffha Bootcut Blue Jeans Size 38 x 34,50
169,Diesel,2020-02-18,80,https://di2ponv0v5otw.cloudfront.net/posts/2020/02/18/5e4beacd3187409e05027035/s_5e4beaf193b46a1cba84ebc8.jpg,http://www.poshmark.com/listing/Diesel-mens-jeans-quratt-5e4beacd3187409e05027035,75,30,Diesel men‚Äôs jeans quratt,25
170,Diesel,2020-02-01,97,https://di2ponv0v5otw.cloudfront.net/posts/2020/02/01/5e35f43f3a622dc233bfb4f8/s_5e35f43f9d3b78b35e95f322.jpeg,http://www.poshmark.com/listing/Diesel-Larkee-Regular-Straight-Jeans-34-x-32-5e35f43f3a622dc233bfb4f8,68,34,Diesel Larkee Regular Straight Jeans 34 x 32,44
171,Diesel,2020-02-24,74,https://di2ponv0v5otw.cloudfront.net/posts/2020/02/24/5e53f42c74af4795a9f08ee6/s_5e53f430fe19c75c35621f78.jpeg,http://www.poshmark.com/listing/DIESEL-Tepphar-Slim-Carrot-Jeans-5e53f42c74af4795a9f08ee6,78,34,"DIESEL ""Tepphar"" Slim Carrot Jeans",34
172,Diesel,2019-11-14,176,https://di2ponv0v5otw.cloudfront.net/posts/2019/11/14/5dce0b9b9ed36d45c3f07c9b/s_5dce0bd2b3e917f5ba29317e.jpg,http://www.poshmark.com/listing/31-30-DIESEL-JEANS-5dce0b9b9ed36d45c3f07c9b,60,31,31 / 30 / DIESEL JEANS,22
173,Diesel,2020-02-27,71,https://di2ponv0v5otw.cloudfront.net/posts/2020/02/27/5e58901cbb22e3f4d66bb03d/s_5e5890642f8276b106dd533e.jpg,http://www.poshmark.com/listing/32-30-DIESEL-JEANS-5e58901cbb22e3f4d66bb03d,65,32,32 / 30 / DIESEL JEANS,22
174,Diesel,2018-08-30,617,https://di2ponv0v5otw.cloudfront.net/posts/2018/08/30/5b8876b945c8b3e0be8fdae8/s_5b8876e4fe51516ed10703ff.jpg,http://www.poshmark.com/listing/Mens-Diesel-Timmen-Studded-Button-Fly-Jeans-36-34-5b8876b945c8b3e0be8fdae8,60,36,Mens Diesel Timmen Studded Button Fly Jeans 36 34,49
175,Diesel,2020-03-20,49,https://di2ponv0v5otw.cloudfront.net/posts/2020/03/20/5e75082219c1574be02afb65/s_5e750839d40008e347da8a5f.jpg,http://www.poshmark.com/listing/DIESEL-Koffha-mens-jeans-Size-33x30-5e75082219c1574be02afb65,35,33,DIESEL Koffha men's jeans Size 33x30,36
176,Diesel,2018-08-02,645,https://di2ponv0v5otw.cloudfront.net/posts/2018/08/02/5b63a941409c154b74ca0291/s_5b63a954c2e88e98b1b1d79d.jpg,http://www.poshmark.com/listing/Diesel-Industry-Safado-Jeans-5b63a941409c154b74ca0291,27,28,üî•Diesel Industry Safado Jeans üî•,31
177,Diesel,2019-12-06,154,https://di2ponv0v5otw.cloudfront.net/posts/2019/12/06/5dead60f40744a0230ce81c4/s_5dead614969d1f583ef3aa3a.jpeg,http://www.poshmark.com/listing/Diesel-Jeans-Zatiny-Bootcut-33-X-32-Dark-0088Z-5dead60f40744a0230ce81c4,200,33,Diesel Jeans Zatiny Bootcut 33 X 32 Dark 0088Z,46
178,Diesel,2020-01-24,105,https://di2ponv0v5otw.cloudfront.net/posts/2020/01/24/5e2b1f0801e2040dd5159321/s_5e2b1f0bd948a1286de9d276.jpeg,http://www.poshmark.com/listing/Diesel-Bumix-Mens-Jeans-SZ-33x32-5e2b1f0801e2040dd5159321,26,33,Diesel Bumix Men's Jeans SZ 33x32,33
179,Diesel,2019-04-14,390,https://di2ponv0v5otw.cloudfront.net/posts/2019/04/14/5cb3fc247bc3605024c18b81/s_5cb3fc28bb22e3e40454d931.jpeg,http://www.poshmark.com/listing/DIESEL-Distressed-Buttonfly-Jeans-Sz-36-Distressed-5cb3fc247bc3605024c18b81,44,36,DIESEL Distressed Buttonfly Jeans Sz 36 Distressed,50
180,Diesel,2020-01-31,98,https://di2ponv0v5otw.cloudfront.net/posts/2020/01/31/5e3507ee2f4831673a1796ec/s_5e3b169a9d3b7825f99d9389.jpg,http://www.poshmark.com/listing/Diesel-Industry-Denim-Division-Size-29-5e3507ee2f4831673a1796ec,55,29,"Diesel Industry Denim Division, Size 29",39
181,Diesel,2019-11-18,172,https://di2ponv0v5otw.cloudfront.net/posts/2019/11/18/5dd2b22f26219ff3e95c5c1e/s_5dd2b2517a817304d4a8cbb2.jpg,http://www.poshmark.com/listing/DIESEL-lightly-distressed-made-in-Italy-jeans-5dd2b22f26219ff3e95c5c1e,65,33,DIESEL lightly distressed made in Italy  jeans!,47
182,Diesel,2019-02-20,443,https://di2ponv0v5otw.cloudfront.net/posts/2019/02/20/5c6d80fa45c8b38f34dd0c96/s_5c6d82a44ab633ba92d96998.jpg,http://www.poshmark.com/listing/Diesel-VIKER-dark-wash-mens-jeans-Regular-Straight-5c6d80fa45c8b38f34dd0c96,25,30,Diesel VIKER dark wash mens jeans Regular Straight,50
183,Diesel,2018-11-23,532,https://di2ponv0v5otw.cloudfront.net/posts/2018/11/23/5bf7df37f76cca1620709784/s_5bf7df5334a4ef9560a83451.jpeg,http://www.poshmark.com/listing/Diesel-Industries-Button-Fly-Selvedge-Denim-Jeans-5bf7df37f76cca1620709784,42,30,Diesel Industries Button Fly Selvedge Denim Jeans,49
184,Diesel,2020-04-18,20,https://di2ponv0v5otw.cloudfront.net/posts/2020/04/18/5e9b95aaae766f2540885a04/s_5e9b95b76f6c919fb35b72b6.jpg,http://www.poshmark.com/listing/Vintage-diesel-mens-straight-jeans-5e9b95aaae766f2540885a04,96,29,Vintage diesel men‚Äôs straight jeans,35
185,Diesel,2018-04-25,744,https://di2ponv0v5otw.cloudfront.net/posts/2018/04/25/5ae10afd6623b61dec91d2f7/s_5ae10b019cc7ef6abcf7f701.jpeg,http://www.poshmark.com/listing/Diesel-Mens-Sz-34x32-Distressed-Button-Fly-Jeans-5ae10afd6623b61dec91d2f7,76,34,Diesel Mens Sz 34x32 Distressed Button Fly Jeans,48
186,Diesel,2020-01-07,122,https://di2ponv0v5otw.cloudfront.net/posts/2020/01/07/5e1533d49bb89f0396248066/s_5e1533da407ccc3e1f899bf7.jpeg,http://www.poshmark.com/listing/Diesel-Yarik-36X34-Distressed-Straight-Fit-Jeans-5e1533d49bb89f0396248066,70,36,Diesel Yarik 36X34 Distressed Straight Fit Jeans,48
187,Diesel,2020-04-12,26,https://di2ponv0v5otw.cloudfront.net/posts/2020/04/12/5e93740fce1e87dbbb818c0a/s_5e9374b8446e59535994ebd0.jpg,http://www.poshmark.com/listing/Diesel-industry-jeans-3130-actual-3230-straight-5e93740fce1e87dbbb818c0a,59,31,Diesel industry jeans 31/30 actual 32/30 straight.,50
188,Diesel,2019-12-26,134,https://di2ponv0v5otw.cloudfront.net/posts/2019/12/26/5e04693f93b46a090660ab36/s_5e0469b6e974fbe0d6c83875.jpg,http://www.poshmark.com/listing/Diesel-Indigo-Tech-Jean-DIT-36-5e04693f93b46a090660ab36,40,36,Diesel | Indigo Tech Jean DIT 36,32
189,Diesel,2019-08-24,258,https://di2ponv0v5otw.cloudfront.net/posts/2019/08/24/5d617a761153ba55af704dde/s_5d617a92ffc2d4a70c4200be.jpg,http://www.poshmark.com/listing/Diesel-Jeans-31-black-distressed-straight-5d617a761153ba55af704dde,40,31,Diesel Jeans 31 black distressed straight,41
190,Diesel,2019-12-26,134,https://di2ponv0v5otw.cloudfront.net/posts/2019/12/26/5e047cf92cc515fe8adfae51/s_5e047d6590feb69e39e2b7ab.jpg,http://www.poshmark.com/listing/Diesel-Bootcut-Button-Fly-Jean-33-5e047cf92cc515fe8adfae51,35,33,Diesel | Bootcut Button Fly Jean 33,35
191,Diesel,2020-04-01,37,https://di2ponv0v5otw.cloudfront.net/posts/2020/04/01/5e8569a46e2846f44faa6aec/s_5e8569eb60fded160fe0f6f6.jpg,http://www.poshmark.com/listing/Diesel-Zaf-Dark-Wash-Jeans-size-29w-L32-5e8569a46e2846f44faa6aec,40,29,Diesel- Zaf Dark Wash Jeans size 29w L32,40
